SNP	CHR	BP	P
rs1	1	1	0.9148060435
rs18	1	18	0.1174873617
rs75	1	75	0.1974103423